y_ture,y_pred,y_prob
1,1,0.9897326294347236
0,0,0.007872556444903958
0,0,0.00388368400648877
0,0,0.002636310626466348
0,0,0.001428578153723771
1,1,0.5516895198796488
0,0,0.016862480883677408
0,0,0.004434310902091609
0,0,0.002611085441458065
0,0,0.0021747281949237008
0,0,0.00175405409539949
1,1,0.995920443395872
0,0,0.0017679140920333217
0,0,0.00669275922397287
0,0,0.14975298581227864
0,0,0.013037768183641022
0,0,0.0006544032180949838
1,1,0.9945085645444757
0,0,0.001356549599563987
0,0,0.003594363455222593
0,0,0.0017323161932517378
0,0,0.04392084033220787
0,0,0.0028562414359690597
1,1,0.9731432618814089
0,0,0.04105698796632511
0,0,0.07791345180970018
1,1,0.7624952321459826
0,0,0.006057519548199263
0,0,0.0024527485454456685
0,0,0.007073273950362443
0,0,0.006541756837560029
0,0,0.002821037686295641
0,1,0.5642917023337102
0,0,0.006531297232398903
1,1,0.989769307404314
0,0,0.0008099677111801342
0,0,0.017315020931376424
0,0,0.0012284601367721342
0,0,0.0053415214717795045
0,0,0.001599380167368625
0,0,0.0008174222371231428
0,0,0.006733419300826829
0,0,0.0019115231473682535
0,0,0.01341131762131753
0,0,0.0034677292237956124
0,0,0.03289780388449095
0,0,0.13029952404664555
1,1,0.9938920428126952
0,0,0.0034991750598659054
0,0,0.009662837011906365
0,0,0.002374594766574483
0,1,0.7957172234179898
0,1,0.70286710035151
0,0,0.0023900993606150514
1,1,0.9861757420026712
0,0,0.0013841795368331104
0,0,0.025644592121246833
0,0,0.4945233064723458
0,0,0.013692186630037972
0,0,0.1542702873502391
0,0,0.0010820265243872487
0,0,0.004175617965617124
0,0,0.0026969795663605352
0,0,0.002777682297873058
0,0,0.00316720782490814
0,0,0.000745641690640687
1,1,0.9894152237026436
0,0,0.000747396989991823
0,0,0.0005922972769238618
0,0,0.011618969392312701
0,0,0.0076876732714695134
1,1,0.9336033746220829
0,0,0.0023726898319141303
1,1,0.980236061743396
0,0,0.0022872472150726932
1,1,0.9948504398053691
0,0,0.0034403521826439167
0,0,0.007938375577660212
0,0,0.025390985837798242
0,0,0.36296520662208487
0,0,0.0013915463065764652
0,0,0.0035343353325513202
0,0,0.010727902301113949
0,0,0.0030110743073654836
0,0,0.0021463075288665383
1,1,0.9612589432739579
0,0,0.002391166357907427
1,1,0.7690685490591701
0,0,0.25350007226933535
0,1,0.6953777264055708
0,0,0.006426381885034307
1,1,0.8829602713796346
0,0,0.005504915882440188
0,0,0.0038647990802375474
0,0,0.002520604766793524
0,0,0.00026814689080650737
1,1,0.8822217878793859
0,0,0.040798578867194436
0,0,0.005505661722300091
0,0,0.0008098573282831087
0,0,0.000776767184503373
0,0,0.051977787632042395
0,0,0.00147138870816399
0,0,0.012352611109094783
0,0,0.0016068885754917442
1,0,0.014775579944123443
0,0,0.004188939914532577
0,0,0.012146628457253901
0,0,0.013449855075545943
0,0,0.01596119418334706
0,0,0.00031857283219431193
0,0,0.014268702174226728
0,0,0.007630011247427783
0,0,0.0028717229965346696
0,0,0.012081068915347647
0,0,0.002242634153165038
0,0,0.006691995154545455
0,0,0.0037898792106864825
1,0,0.28729766136253254
0,0,0.0017539871307409608
0,0,0.0009950457051229936
0,0,0.0029015664102696966
0,0,0.0005532056112738307
0,0,0.002802054743127907
0,0,0.005196261908171506
0,0,0.006670537047072305
0,0,0.004361479880168398
0,0,0.0013223408010482412
0,0,0.0010222947797273634
0,0,0.002488615652414472
0,0,0.003521751166977588
0,0,0.0012441630931923232
0,0,0.001494412702767871
1,1,0.9920287696699894
1,1,0.9330737142711222
0,0,0.01962327417547483
0,0,0.002209205676600066
0,0,0.00275487889889381
1,1,0.9972790585525102
0,0,0.002641383572643743
0,0,0.001954076696084476
0,0,0.029831807631674513
0,0,0.16238311734018268
0,0,0.007230895624867432
0,0,0.0029583572005549923
0,0,0.05091060758742008
0,0,0.005216371783444545
1,1,0.8994779928593676
0,0,0.0028070345801483884
0,0,0.0601434388256044
1,1,0.9971881273501729
0,0,0.4615128235680317
0,0,0.002823329190448274
0,0,0.23066890309078536
0,0,0.0008493850166211116
0,0,0.0018439787423508202
0,0,0.000830398238369232
0,0,0.004028805216410414
1,1,0.9982878102475397
0,1,0.524874656875029
0,0,0.005029543087881654
1,1,0.7777165470765592
0,0,0.0020361009998490277
0,0,0.0023923460927473563
1,1,0.9715568890666532
0,0,0.0016535425493901818
0,0,0.0036574711416450614
0,0,0.002305984326040848
0,0,0.0034624241589750414
0,0,0.0024237598480479445
0,0,0.013607428847469627
1,0,0.13159719012766455
0,0,0.011933130480014518
0,0,0.0030426098646876994
1,1,0.9682049688100098
0,0,0.0015547337283660081
0,0,0.0007423206027070728
0,0,0.009474856481063804
0,0,0.003928332647146556
0,0,0.010548809777754901
0,0,0.00035133134480164186
0,0,0.02536205995253619
0,0,0.004451983202196836
0,0,0.0051574314853198204
1,1,0.9966689027930181
0,0,0.0024363042841104954
1,1,0.9920081712822816
0,0,0.0010848929809648537
0,0,0.006988671535952214
1,0,0.04067653669651289
0,1,0.7568573835504405
0,0,0.0009792151835570017
0,0,0.0007697199515694912
1,1,0.9948752358716536
0,0,0.01919550984831793
0,0,0.0015717804539505762
0,0,0.003932815798512417
0,0,0.000712101262615602
0,0,0.008040024501507766
0,0,0.002499984928636149
0,0,0.002039388540565353
0,0,0.013118322810824038
1,1,0.8777760384893699
0,0,0.002375019283545808
0,0,0.3112607739212714
0,0,0.0030912357853639964
1,1,0.9961100127043955
0,0,0.02908115607726781
0,0,0.033303110438458905
0,0,0.002491320566349771
0,0,0.04011825282544581
0,0,0.0035028863887389687
0,0,0.006028532545051816
0,0,0.03772505333769052
0,0,0.001772947217763753
0,1,0.7679149263528423
1,1,0.9935371745449865
0,0,0.057520799354471
0,0,0.002827997718957225
0,0,0.07570069853713106
0,0,0.006122770192826715
0,0,0.0041142491017897055
1,1,0.9940881530913711
1,1,0.8445099392892305
1,1,0.9791221251853574
0,0,0.0013554037146471646
0,0,0.0028162445736623284
0,0,0.001037870380303757
0,0,0.129691624882947
1,1,0.9975883051616377
0,0,0.038942571082017985
1,1,0.9622529499478543
0,0,0.003965113160933018
0,0,0.005381414807130117
0,0,0.0027712760303722174
0,0,0.006205588901065141
1,1,0.9408791543980397
0,0,0.0005062687033682767
1,1,0.9805135712539538
0,0,0.0034981543296384635
0,1,0.7099899498217045
0,0,0.004836664218073051
1,1,0.943679201858639
0,0,0.2919690815595931
0,0,0.0016367097578891645
0,0,0.002452988093661219
0,0,0.009135582904705555
0,0,0.17369017573532491
0,0,0.0017224689131067402
0,0,0.007921656549282343
0,0,0.02574630359131606
0,0,0.001009935638119156
0,0,0.024920924577182008
1,1,0.9975171051612676
0,0,0.0031695742631017224
0,0,0.004187531464545224
0,0,0.002839970571763714
0,0,0.006071931404204635
0,0,0.004923761850655909
0,0,0.00038406396512834906
0,0,0.0025833612412962106
0,0,0.002007779605968978
0,0,0.004958458674973959
0,0,0.0018564232699922814
0,0,0.002412343486972663
0,0,0.16346650484795472
0,1,0.5059434257720974
1,1,0.880699754785644
0,0,0.005218315656525708
0,0,0.003941927610602024
0,0,0.0001867912001108085
1,1,0.7636225187260428
0,0,0.004687084572419234
0,0,0.001242567146380976
0,0,0.0013358609745050844
0,0,0.0034095051664442787
0,0,0.002260093885097226
0,0,0.01014457659924169
0,0,0.003605765857145438
0,0,0.04746941147125598
1,1,0.809785421308864
0,0,0.007475475824953501
0,0,0.013689151382983317
0,0,0.01762385115837407
0,0,0.0014053559783543167
0,0,0.0008633863186159362
0,0,0.003848615988633805
0,0,0.27504250636621236
1,1,0.974245224059368
0,0,0.23030082575498276
0,0,0.00042301085804712796
0,0,0.004876076684600613
0,0,0.034435880289537805
0,0,0.0048227871762562035
0,0,0.002570100825453577
0,0,0.24915281554712174
1,0,0.23351460047341102
0,0,0.0007357729316795483
0,0,0.0056813388045868435
0,0,0.002598493263465643
0,0,0.25298665635538164
1,1,0.9981799478669866
0,1,0.6708239428348391
0,0,0.011121548515756733
0,0,0.009553524393211209
0,0,0.005406289701669629
1,1,0.9951126537293368
0,0,0.0017494212512262144
0,0,0.008493072569617439
0,0,0.0025462256780112223
1,1,0.9923046596120122
0,0,0.0007566752793986604
0,0,0.0007768032791526244
1,1,0.8370367390541709
0,0,0.012330860630213596
0,0,0.002903164587109802
0,1,0.7913673298043006
1,1,0.6010153784460094
0,0,0.003211424215049884
0,0,0.006370943965611853
0,0,0.0008687886147558994
0,0,0.002272165021674564
0,0,0.00014276822834368208
0,0,0.0020762873002492903
0,0,0.002052589151740218
0,0,0.003388009831471109
1,1,0.9716431324382595
1,1,0.9629429252740203
0,0,0.0009627833602202056
0,0,0.149834590781758
0,0,0.0017696261433869402
0,0,0.00435381640347475
0,0,0.0013286037591367665
0,0,0.0012794935975275563
1,1,0.7743379329711458
0,0,0.0011057567192570906
0,0,0.06200507408813356
1,1,0.7119112672593396
0,0,0.1015655808188398
0,0,0.003980076405517479
0,0,0.07174815851776599
0,0,0.08016582004511616
0,0,0.044917505884842855
1,1,0.7487003004402734
1,0,0.18383691456567794
0,0,0.0007297417065323582
0,0,0.0012009278548963883
0,0,0.004430940910718659
1,1,0.997381270589735
1,1,0.9825274481351723
0,0,0.0007318450428037716
0,0,0.002703875428287803
0,0,0.0018649521823643242
0,0,0.0008378274100322859
0,0,0.001470685923790638
0,0,0.03365503099192624
0,0,0.005747449259393686
0,0,0.00883495180201029
0,0,0.012677594347136015
0,0,0.0011552535805252266
0,0,0.042024411068688844
0,0,0.0030809610053077817
0,0,0.31387725602201033
0,0,0.002149345202876217
0,0,0.0015021438363718748
0,0,0.001106932867138639
0,0,0.008702635867429347
0,0,0.004402165405734273
0,0,0.05407756408762197
0,0,0.002295504036295828
0,0,0.0014792400824748407
1,1,0.9902042343528344
0,0,0.013868545290525922
0,0,0.00071973819499161
0,0,0.18383196185503803
0,0,0.0037252814473685888
0,0,0.0010932662810519153
0,0,0.0029859608741698474
0,0,0.09539128578751423
0,0,0.0038029912075407493
0,1,0.8124468216777118
0,0,0.0011320476085983177
0,0,0.0035291047089840177
0,0,0.0008755513706621214
0,0,0.02631864560063097
0,0,0.0017096609746313988
0,0,0.005461250032050759
0,0,0.0015374213777734353
0,0,0.0015359615405259907
0,0,0.07570934735347909
0,0,0.0021936119112681038
0,0,0.003622048762723065
1,1,0.9820778619388426
0,0,0.0022357827353414526
0,0,0.002682843690592931
0,0,0.4231926970042013
0,0,0.0010547114687366372
0,0,0.002375094108283812
0,0,0.005228919668003414
0,0,0.0021606664377372756
0,0,0.016601139989882614
0,0,0.2810390447865785
0,0,0.01020919409435428
0,1,0.8415310409529146
0,0,0.008186801225090697
0,0,0.0034703580042419664
0,0,0.0003426542088336738
0,0,0.013677714396606724
0,0,0.010813512049668897
0,0,0.03465154202364354
1,1,0.9930165771659211
0,0,0.4000975150589379
0,0,0.013370967311661944
1,0,0.49680084083862824
0,0,0.003965378245115609
0,0,0.002190911012017185
0,0,0.003911465985700323
0,0,0.002246014925890248
0,0,0.00830563126163466
0,0,0.005246120821331315
1,1,0.9939812163507069
0,0,0.01557741191385992
0,0,0.07986142128298115
0,0,0.015331419348388718
0,0,0.010441333226432915
0,0,0.001089980192427414
0,0,0.004237705518599933
0,0,0.002538028454939391
0,0,0.04666321327387803
0,0,0.2972642329686624
1,1,0.9520793365313959
0,0,0.0035688881219562815
0,0,0.0045750685764972135
1,1,0.9192764150738426
0,0,0.008653536541401448
0,0,0.0016340605335040022
0,0,0.0012801993970370713
0,0,0.0010541887977331048
0,0,0.0010611355094192595
1,1,0.7103506310004659
0,0,0.023826172274448332
0,0,0.008683686999898224
0,0,0.002747653696941148
0,0,0.005434257635732469
1,1,0.8131361837527863
0,0,0.002304873913942789
0,0,0.00012211951562836004
0,0,0.0021306217793652517
0,0,0.0017824070894986955
1,1,0.9938849851741256
0,0,0.002713087280841213
0,0,0.005489526772179891
0,0,0.002321626324309915
0,0,0.0018001777592629037
0,0,0.008527018803178812
0,1,0.7672337195498583
0,0,0.11770480095862478
0,0,0.4694709158022787
0,0,0.0015625157629832979
0,0,0.01946602892205042
0,0,0.002205472259780855
0,0,0.0011572287222821366
0,1,0.9455322549006592
0,0,0.012738934967285506
0,0,0.002612293426041158
0,0,0.006855959177474264
0,0,0.008906966451919851
0,0,0.004566429392291678
0,0,0.0023220148129738656
1,1,0.9947247321174334
0,0,0.003878204940283985
0,0,0.043672585816434455
0,0,0.027397291779587194
0,0,0.012680090969962917
0,0,0.005770473420475745
0,0,0.003208427956073483
0,0,0.018581680294603303
0,0,0.001389739578287808
0,0,0.008180661087603208
1,1,0.9218726835265062
0,0,0.0008405596013046798
0,0,0.0023669541820507674
1,1,0.763721022275813
0,0,0.010863842941716668
0,0,0.001784138344601115
0,0,0.02578921684116432
0,0,0.000933179473537866
0,0,0.0019520100740376687
0,0,0.0061477532302068386
0,0,0.02158486612472388
1,1,0.953252692831632
0,0,0.0029961623152529385
0,0,0.005862079892104765
0,0,0.0029703861289492634
0,0,0.0017183101106259377
0,0,0.16188610583475133
1,1,0.63834891309224
0,0,0.00025806739917236276
0,0,0.0022931750724772375
0,0,0.1886843374412333
0,0,0.3744339208404712
1,1,0.9961185522411706
0,0,0.014626128836342128
0,0,0.27953920845083446
0,0,0.08629564446747606
1,1,0.9938254395486065
0,0,0.004903793122804535
0,0,0.0017759815102320422
0,0,0.0084393974810514
0,0,0.0019048693981493258
0,0,0.0017260404794308595
1,1,0.9754517284397569
0,0,0.001269494685202873
0,0,0.005811371510221688
0,0,0.0062753317657740166
0,0,0.0009865605591584628
0,0,0.0030548709634319695
0,0,0.0031167192410086766
1,1,0.893790574907969
0,1,0.8567236192603513
0,0,0.0034823088878234397
1,0,0.39983314294969635
0,0,0.003063825107874502
0,0,0.008206977781020825
0,0,0.001076222282143697
0,0,0.010104151475057652
1,0,0.1695279984385138
0,0,0.004574147504940613
0,0,0.03405268946679153
0,0,0.03798131503557053
0,0,0.00619388832112904
1,1,0.9568905033081949
0,1,0.5994019040064442
1,1,0.9713945181815402
0,0,0.002119840936801824
0,0,0.010893552698548723
0,0,0.000770035083027475
0,0,0.022515069903755586
0,0,0.0048286717414705044
0,0,0.0037451089443964005
0,0,0.003019105677833843
1,1,0.9851945880648307
0,0,0.0040538023872086675
0,0,0.002502763867423538
0,0,0.020788073283326512
0,0,0.005525078866715133
0,0,0.01573452975318132
1,1,0.9255333166789164
0,0,0.005461994773946002
0,0,0.004230044250978772
0,0,0.000921337410395743
0,0,0.02738389914070457
1,1,0.9847831189061507
0,0,0.10605893565192911
1,1,0.995187845769898
0,0,0.001859230867249234
0,0,0.005070484656512441
0,0,0.0012031093685723794
0,0,0.007749462512741754
0,0,0.0019947874388117296
1,1,0.9784557052075477
1,1,0.9754133576137424
0,1,0.5304657630924525
0,0,0.2235741275699341
0,0,0.002213863100066266
0,0,0.0045798293992078375
0,0,0.0009428981445586017
0,0,0.007586763032195748
0,0,0.0013344063003422491
0,0,0.005620360571608993
0,0,0.0505341666377477
0,0,0.0020427958910569444
0,0,0.013257237217958927
0,0,0.0089629888849139
0,0,0.005834244640275179
0,0,0.011698620802929865
0,0,0.001361727894493355
0,0,0.003025556222794342
0,0,0.10276326223389354
0,0,0.012879688816472947
1,1,0.8363122614847815
0,0,0.0035764608870637784
0,0,0.0013982751685162398
1,1,0.9857062043550767
0,0,0.05138400206368785
0,0,0.0148836017887502
1,1,0.7394793413127083
0,0,0.022347582516229193
0,1,0.6031393473920484
1,0,0.2431162037599108
0,0,0.0015690257279100427
0,0,0.006379411959845087
0,0,0.010614956053121388
0,0,0.009920631210861168
0,0,0.002450168535976507
0,0,0.0003978135612071049
0,0,0.0024802119916433442
0,1,0.7845888514349465
0,0,0.020213048357511143
0,0,0.001868002771631136
1,1,0.9309425108827598
0,0,0.0017198885276886317
1,1,0.982980231073449
0,0,0.0017689065088873582
1,1,0.9529604941855655
0,0,0.023570608396424178
0,0,0.02971811032267014
0,0,0.004394779539510942
0,0,0.0009888778899380625
0,0,0.006481202741694995
0,0,0.0498050852569631
0,0,0.0004963290858393447
0,0,0.0033186024876382053
0,0,0.0033533095003914822
1,1,0.9948609985037716
0,0,0.007425243390528676
0,0,0.0015155428271269806
0,0,0.0037878390555415465
0,0,0.019977167098527166
0,0,0.0012840747656856916
0,0,0.003826218796022758
0,0,0.007410072545843211
0,0,0.0008132898051656153
0,0,0.025645862995604
1,1,0.9870962840126379
0,0,0.14568891241258675
0,0,0.008603509584609743
0,0,0.03258189998518485
0,0,0.09394410786403472
1,1,0.9905713514905611
0,0,0.0031813429202633514
0,0,0.0040813790841346485
0,0,0.09178983298411333
1,1,0.9939762639386392
0,0,0.0031939657001084777
1,1,0.980879350289529
1,1,0.9675802768419295
0,0,0.0023315738432281106
0,0,0.008063783821894153
1,1,0.9891014406271917
0,0,0.0013631134785489195
0,0,0.0034026106989414333
0,0,0.010408905485597081
0,0,0.005919000100426999
1,1,0.9655104211533685
0,0,0.00523088774127444
0,0,0.0034732479091685677
0,0,0.16781715233324637
0,0,0.029328632016243764
0,0,0.004875082545403792
0,0,0.010450300054698798
1,1,0.9743522714223048
1,1,0.991118602659278
0,0,0.007637266761355186
0,0,0.02226915437154693
0,0,0.0021715425142390123
0,0,0.13578706238493762
0,0,0.008259703006632655
0,0,0.015634080463325584
0,0,0.011784083077771698
0,0,0.029566864598228684
1,1,0.981938703096245
0,0,0.06600446063669328
1,1,0.9517491029097367
0,0,0.019983332548650812
0,0,0.0023381825604766636
0,0,0.0071443741069307076
0,0,0.005353385002755887
0,0,0.006637449403600797
1,1,0.9444092229328386
0,0,0.010878377181422793
0,0,0.0726021377189437
0,0,0.011614943857653479
0,0,0.0009044371701511661
0,0,0.0019038198631929932
0,0,0.00413685571730942
1,1,0.9837958573413846
1,1,0.9773195414127439
1,1,0.9590592139029848
0,0,0.0019755980249123494
0,0,0.005540710327285837
1,1,0.992071303456955
0,0,0.0017917516899736822
0,0,0.40219411554468254
0,0,0.0019154944074057326
1,1,0.848866830134454
0,0,0.4202968013223646
1,1,0.8675366511427863
0,1,0.9456378214690795
1,0,0.06350185810137125
1,1,0.8751542569602246
0,0,0.009359920347887445
0,0,0.0013765206614019692
0,0,0.004200758564463671
1,0,0.09963520962126465
0,0,0.11485520579373987
0,0,0.006258630018637993
0,0,0.019972060903646217
0,0,0.002919038072588854
0,0,0.0009212722173986927
0,0,0.01177861710271491
0,0,0.0023924810268159446
0,0,0.0018885850822651367
1,1,0.981421266652497
0,0,0.004269899002583923
0,0,0.0010512333851194235
0,0,0.02568682716411948
0,0,0.005912840496087912
0,0,0.06055714170054408
0,0,0.0012503581940556943
0,0,0.17049323665826457
0,0,0.0009897348739190308
1,1,0.8630078786183031
1,1,0.9015762214329639
0,0,0.004436157593156445
0,0,0.0013883770500067725
0,0,0.0020520346107600076
0,0,0.2718406943046731
0,0,0.0022806216021546972
0,0,0.002509163183300362
0,0,0.0005763932792322882
0,0,0.003169801164500095
0,0,0.01704628654008243
0,0,0.1604216059454355
0,0,0.0029130167358115667
0,0,0.012617596412168287
0,0,0.0018157115488486612
0,0,0.010055351673650688
0,0,0.07742105642590028
0,0,0.014063671067344996
0,0,0.003009058466149341
0,0,0.004424931573760599
0,0,0.0019486579512668165
0,0,0.0018499394217927258
0,0,0.00908190281898832
0,0,0.010049215589150359
0,0,0.014242133262950967
0,0,0.0009901121649120031
1,1,0.905142944683652
0,0,0.001807002538479833
0,0,0.010903038309136968
1,1,0.9327697540743689
0,0,0.005066905143103246
0,0,0.0023827671221489264
0,0,0.0013700775715523737
0,0,0.00258387318618954
0,0,0.0017088880960562157
0,0,0.0030792148342162202
0,0,0.005343731986570034
0,0,0.003774661709639744
0,0,0.030225242508960602
0,0,0.009169917082404326
1,0,0.0373198955248016
0,0,0.002940573679278715
0,0,0.006072369516487782
0,0,0.002993122158404829
0,0,0.007905736122639461
0,0,0.0023301041114181494
0,0,0.02216006226520952
0,0,0.0028408504210034467
1,1,0.9591674806140665
1,1,0.9867480848963704
1,0,0.12462687800461086
0,0,0.00508413074731369
0,0,0.024283319550550617
1,1,0.9772674727312797
0,0,0.06027522752042117
1,1,0.704338805631547
0,0,0.003501493689664166
1,1,0.9934167588133451
0,0,0.034894320455374876
0,0,0.050302002237791785
0,0,0.30941181201270657
1,1,0.9949684459060765
0,1,0.5419618325341519
0,0,0.00332189856321398
0,0,0.0016553672176325542
0,0,0.0019106514587958119
0,0,0.002259416166683435
0,0,0.026891008553116033
0,0,0.003924188522923581
0,0,0.04897756564651113
1,0,0.03255861682628952
1,1,0.9880780387914269
1,1,0.9172920888172322
0,0,0.00404595553810397
0,0,0.02638822918387186
1,0,0.2651874947172653
0,0,0.0040273768578553285
0,0,0.011602725367090587
0,0,0.0032476812101812874
0,0,0.04520529116253353
0,0,0.004562045978605587
0,0,0.014605494385648251
0,0,0.020024919750030866
0,0,0.0019433071301104153
0,0,0.00875085254433148
0,0,0.16473479585117262
0,0,0.0012090786002856005
0,0,0.001099564014063433
0,0,0.0037059033081524835
0,0,0.0025375057738346455
0,0,0.01300236180635697
1,1,0.7035197167546651
0,0,0.0010661546382245036
1,1,0.9808455068550319
0,0,0.011411393478958526
0,0,0.0012338819284909391
1,1,0.985064703146762
0,0,0.036855646244279644
0,0,0.0035081177727331234
0,0,0.00025926980409862553
0,0,0.015421040976088738
0,0,0.001762820913180185
0,0,0.0021899435349058503
0,0,0.0023662914530348275
0,0,0.026392436574950124
0,0,0.012798493393060306
0,0,0.0061701699775112695
0,0,0.03058921824379801
0,0,0.001458831125182676
0,0,0.08661713150845106
0,0,0.23752384228516643
0,0,0.01615157946272347
0,0,0.0015757884736380633
0,0,0.004409247755907613
1,1,0.968067820934192
1,1,0.9610233028429812
0,0,0.01024949954152968
0,0,0.0017885019622453883
0,0,0.017858254087298218
0,0,0.00039667132682159786
0,0,0.002208955257890039
0,0,0.0023434634882130902
0,1,0.8214567667740175
0,0,0.004795832523579504
0,1,0.7574222391093434
0,0,0.0014041457020448592
1,1,0.9480915287228884
0,0,0.0038066920906974777
0,0,0.002556480555408571
0,0,0.0007834929553056899
0,0,0.0048041877141812165
1,1,0.994027656161638
0,0,0.004412431790709424
0,0,0.00929690144155264
0,0,0.022659257898593185
0,0,0.011949048043917448
0,0,0.004528971665576905
0,0,0.0026745663964277354
0,0,0.0034008216252624643
0,0,0.003958335876954277
0,0,0.1905450036722402
1,1,0.993436912628164
0,0,0.332441999606235
0,0,0.0035201525869090174
0,0,0.0021716499389968762
0,0,0.021746399750526148
1,1,0.952443682857726
0,0,0.0023151923471755177
0,0,0.0021015631856940915
0,0,0.0018595646145810182
0,0,0.013268304978572952
1,1,0.9864699832963085
0,0,0.0008746363232918782
1,1,0.9991215003361202
0,0,0.003726837428040902
0,0,0.00119005780796501
0,0,0.002760229139122565
0,0,0.001400306902599813
1,1,0.9924298016073468
0,0,0.0013015373096872376
0,0,0.0020497467653010034
0,0,0.003620994618271275
0,0,0.24454125041051392
0,0,0.0036060720450905455
0,0,0.0018965252350988525
0,0,0.03492359781530953
0,0,0.007873176657095209
0,0,0.006857900479683901
0,0,0.007135424025419571
0,0,0.0036954864765038737
0,0,0.0014378905082841596
0,0,0.030213479068726023
1,1,0.9850753378465188
0,0,0.013794577819475805
1,1,0.9920168655644505
0,0,0.002576255289384234
0,0,0.0008617461243882381
0,0,0.003777630660951727
0,0,0.000739655600483812
1,1,0.9962074663912717
0,0,0.0007333800221067652
1,1,0.9855028776820136
0,0,0.00025121568323750276
0,1,0.8599457694886495
0,0,0.0038390241353040418
1,1,0.9879394834173658
0,0,0.038356277251359774
0,0,0.0008765085887013059
0,0,0.0006715605911186179
0,0,0.0013006398523166057
0,0,0.0011536296269337217
0,0,0.0021460712995420256
0,0,0.001631557993702454
1,1,0.9806824491822839
0,0,0.0035065986782967643
1,1,0.9384874907927222
0,0,0.008411259601211222
0,0,0.00287004145878566
1,1,0.9970470203851592
0,0,0.38942523203222085
0,0,0.0027989205464312343
0,0,0.008276869909791774
0,0,0.0034029311290297657
0,0,0.004750643989290617
0,0,0.0028485013979050212
0,1,0.5011033444447269
0,0,0.4578113132275586
0,0,0.3014186548374475
0,0,0.001760161400269025
0,0,0.0018420637218219693
0,0,0.009254327510918765
0,0,0.004311762101567552
0,0,0.0015392880672795413
0,0,0.0023878166784853322
0,0,0.0012862227048690735
0,0,0.021308155000031526
0,0,0.005132593872923692
0,1,0.6097711465801919
0,0,0.25629611981819533
1,1,0.9640664242646773
0,0,0.05423714275097769
0,0,0.00321179793278556
0,0,0.002007682134591217
0,0,0.008795028441529002
1,1,0.5724841796018524
0,0,0.020147490589990883
0,0,0.0007256280103386399
1,1,0.9098141917447945
0,0,0.0045841291617407945
0,0,0.013726827607118365
0,0,0.0015385604151682902
0,0,0.0028153353675303343
0,0,0.015819012971584428
0,0,0.007146931704903069
0,0,0.00036461647135455885
0,0,0.007458610424075597
0,0,0.0011721371143393674
1,1,0.9784235956074725
1,1,0.9861568959692245
0,0,0.02587113972814287
0,0,0.0009795527027977279
0,0,0.03741966364442661
0,0,0.0009399476398511779
0,0,0.009835273794790156
0,1,0.7705412720743371
0,0,0.005292371347888672
1,1,0.991290796474078
0,0,0.0015536930537087088
0,0,0.0033277810549855176
0,0,0.004180853605237876
0,0,0.002609415191051105
1,1,0.9946542678353832
0,0,0.35174013395157633
0,0,0.006902338894263986
0,0,0.0005443779023206444
0,0,0.010750950114897614
1,1,0.9030036823655617
0,0,0.3185714533323472
0,0,0.18589763272670531
0,0,0.003886993151390981
0,0,0.0015792048919968287
0,0,0.013755303524915774
0,1,0.5503255753504742
0,0,0.004021149048290594
1,1,0.9580694892747702
0,0,0.09490703263426713
0,0,0.02532039685584198
1,1,0.9921059306271262
0,0,0.00865574076342957
0,0,0.00344727024939192
0,0,0.010457490585627598
0,0,0.003205388353929917
0,0,0.006280400253652358
0,0,0.008142967024352406
0,0,0.0012786515198412224
0,0,0.0050115160476029465
0,0,0.0018523302151764941
0,0,0.0033748691040030973
0,0,0.0027298673430015533
1,1,0.8369991165555084
0,0,0.057582789490838886
0,0,0.004786056492916218
0,0,0.079756670154256
0,0,0.014575212654240572
1,1,0.9970181288030132
0,0,0.03622092532109443
0,0,0.0009846881879666284
1,1,0.762295451479548
1,1,0.9971859648100317
1,1,0.972233153653761
0,0,0.02195590450828793
0,0,0.005771541329110949
0,0,0.018123110245439087
1,1,0.9989898892613774
0,0,0.005310863670481805
0,0,0.004624700570043731
0,0,0.000774672820988289
0,0,0.0009305353789419125
0,0,0.0018445531564545514
0,0,0.01091611201130525
0,0,0.005124873197649651
0,0,0.002810366301533459
0,0,0.0014883032901125445
0,0,0.03866140593495714
0,0,0.006956976430484527
1,1,0.9987776844675842
0,0,0.003247206745478827
0,0,0.0047355183163664966
0,0,0.15299033758418193
0,0,0.010526054859001155
0,0,0.005124468945327408
0,0,0.0010494364215910467
0,0,0.0008507217288126125
0,0,0.006219384519967337
0,0,0.35932390525906366
0,0,0.0032243189410928615
1,1,0.592920681788058
0,0,0.002677756810811701
0,0,0.0033741255209017978
0,0,0.0027986387940510536
1,1,0.9517609400995123
0,0,0.0014342575481151815
0,0,0.053565710784009485
0,0,0.002582409191110122
0,0,0.002541266684282187
0,0,0.01774036024220272
0,0,0.0030550647673669505
0,0,0.018907778473471006
0,0,0.34076516731903234
0,0,0.0022830017804061353
0,0,0.0069570728645256055
0,0,0.0035048641195964967
0,0,0.0016368028297870983
1,0,0.4848901380749933
0,0,0.003148853395523279
0,0,0.0019261518875836438
0,0,0.0017752024312567083
0,0,0.03908605212620861
1,1,0.9988697243063268
1,1,0.9366338559397113
0,0,0.0021397669194424492
0,1,0.5394476210810647
0,0,0.05333537183455641
1,1,0.8925221156926177
1,1,0.9365927167911853
0,0,0.0023900826288085967
0,0,0.0034937578663962934
0,0,0.0019382940608715245
0,0,0.0027335939270446137
0,0,0.013626462508466775
0,0,0.0005153352651183937
0,0,0.0016270101478141963
0,0,0.04464041754354846
0,0,0.001088692636526682
0,0,0.45809525083430924
0,0,0.001087620388384402
0,0,0.004540853928946706
0,0,0.007169432019700482
1,1,0.9972811721305991
0,0,0.0015553082771586017
0,0,0.013580435999860653
0,0,0.001516126791789845
0,0,0.0013569422249892417
0,0,0.013390770037388746
1,1,0.9895384487403183
0,0,0.005826985049340125
0,0,0.1952547451545969
0,0,0.004253582517948225
0,0,0.01234119385231263
1,1,0.9659053993465586
0,0,0.001739477808152181
0,0,0.003981130499120346
1,1,0.9437692163533044
0,0,0.003823331226623299
0,0,0.017915412364856238
0,0,0.009188491105674478
0,0,0.036775368651074204
1,1,0.9774632481373771
1,1,0.9601572011924462
0,0,0.0017379998382801457
0,0,0.0020967103498581922
0,1,0.6348146316478376
0,0,0.003371151376357857
1,1,0.9107245243307592
0,0,0.002452148653385503
0,0,0.23371987202490233
0,0,0.0022738948881666824
1,1,0.9241493989250977
0,0,0.018729414020081655
0,0,0.0024046783339345366
1,1,0.7628229625109879
1,1,0.9141060960580809
1,1,0.9922074761664411
0,0,0.0014129558275725045
0,0,0.0013741933631764229
0,0,0.002988438686205387
1,1,0.9935693707235265
0,0,0.002676446514581687
0,0,0.001187138342845179
0,0,0.0014981679886177366
0,0,0.1646350061360419
0,0,0.12740770291358366
0,0,0.01370917297373901
0,1,0.6365715997879574
0,0,0.0016807876833511454
0,0,0.029380588834757554
0,0,0.01250904655575687
0,0,0.00030533341343337724
0,0,0.0009020177218803031
0,0,0.0008258206736056583
0,0,0.035376968774547074
0,0,0.0021439394948724808
0,0,0.0028515001543938986
0,0,0.011956317954493851
1,1,0.9956216160893594
1,1,0.9974779595660717
1,1,0.9917537398434246
0,0,0.0022466342352857934
0,0,0.1439049450185158
0,0,0.0033014379724657255
0,0,0.08152045834534899
0,0,0.008190195373384033
0,0,0.0013907744836950142
0,0,0.004218050566077922
0,0,0.1513592298041193
0,0,0.0029307829696880445
0,0,0.008852827226780113
0,0,0.003068152618650075
0,0,0.0027789085356147544
0,0,0.3714389733845146
0,0,0.026867474552252003
0,0,0.004265116797530819
0,0,0.0030183302088375133
0,0,0.3524828815678889
0,0,0.0034186252317457244
0,0,0.0034147172095664907
0,0,0.002287471122024361
0,0,0.002829736963886547
0,0,0.006878142914644483
0,0,0.0023911383012724975
0,0,0.17451802874112768
0,0,0.00479016294897952
0,0,0.1368859415395143
0,0,0.1023819898091157
1,1,0.9711606252222501
0,0,0.007594794625716654
0,0,0.00288824529601307
0,0,0.004128793742476317
0,1,0.9099716681849305
1,1,0.9511460797655372
0,0,0.00017073488367820187
0,0,0.0018204684828206541
0,0,0.003858213614623357
0,0,0.0004166364220121496
0,0,0.0012907847045127549
0,0,0.0018060837510300751
0,0,0.002863169981669953
0,0,0.0023146419700091087
1,1,0.9962460327239301
0,1,0.682901927017043
1,1,0.9867926378703299
1,1,0.7952992947292875
0,0,0.012085193773243484
1,1,0.9922280274350153
0,0,0.001311641490971705
0,0,0.0013813602182050015
0,0,0.0017901519105925823
1,1,0.9901149712377272
0,0,0.004097629734270861
0,1,0.5563064945218394
1,1,0.8552800682551029
0,0,0.22097939102573194
0,0,0.049742599016703026
0,0,0.004868984866056005
0,0,0.0025170173628399476
1,1,0.9940634915746258
0,0,0.0029172777638680186
0,0,0.0014106306264237338
0,0,0.1024709783636329
0,0,0.46231721054512015
0,0,0.0035165686002681224
0,0,0.002038521832539531
0,0,0.002125367814829793
1,1,0.7359658100190185
0,0,0.14759896335830688
0,0,0.005160676538573479
0,0,0.003056871055718529
0,0,0.014985954507267875
0,1,0.5179784677555044
0,0,0.0010211828097128745
0,0,0.0037369977544454984
0,0,0.004093057220926083
0,0,0.004700363125005567
0,0,0.008288360990070139
1,1,0.9957406617864043
0,0,0.0015117927899970128
0,0,0.015853933794851074
0,0,0.0009469304209356053
0,0,0.006096597054852976
1,1,0.9850679396930768
0,0,0.008010049959512983
1,1,0.9835797880651548
0,0,0.002050571684081024
1,1,0.882915823178355
0,0,0.004618228733340537
0,0,0.0011129360304258716
0,0,0.0008732992800306594
1,1,0.9959614184633216
1,1,0.9899429565270311
0,0,0.0017778785610670371
0,0,0.00280115860852611
1,1,0.7063769431690399
0,0,0.0031021320930498695
1,1,0.9687397672465682
0,0,0.004195516921549881
0,0,0.008397561705493934
1,1,0.9975748843196034
0,0,0.45922832556687526
0,0,0.004538697542637682
0,0,0.0020870344788549043
0,0,0.0010704232193605306
0,0,0.2100813533129628
0,1,0.9395584653217115
0,0,0.005556843220535763
0,0,0.01112394492934889
0,0,0.026435597558172087
0,0,0.014219280881686482
0,0,0.0038168755501463755
1,1,0.5263347354067699
0,0,0.020180306967743443
0,0,0.003129689309482793
1,1,0.9802918645580213
0,0,0.003225126027467493
0,0,0.008552189776082304
1,1,0.9780688284406709
0,0,0.002026823900813233
0,0,0.0016164524948911743
0,0,0.00531185202745834
1,1,0.9958366573306439
0,0,0.012713509981905817
0,0,0.0020535865635348104
0,0,0.0015790581898411753
0,0,0.0002554344562948079
0,0,0.0037001240616872967
0,0,0.0060321965370269655
0,0,0.4972615602401099
0,0,0.0075769567452771336
0,0,0.0028724572312151483
0,0,0.003261386579948729
0,0,0.006001967945762761
0,0,0.002382306892803398
0,0,0.031263252174734406
0,0,0.02496978085036005
0,0,0.0017084297154737376
0,0,0.3943275410957376
0,0,0.10255040641433401
0,0,0.0007978133330139646
0,0,0.0012584906662418513
1,1,0.9687436491712645
0,0,0.0003059530372200322
1,1,0.9898988423294182
0,0,0.001345517590551706
1,1,0.9623432085704601
0,0,0.03347532930153362
0,0,0.0014300494909560131
0,0,0.00790134621180273
0,0,0.04423597146302216
0,0,0.004477392266452563
0,0,0.09663748825094283
0,0,0.03334906708694912
0,0,0.001534858774837567
0,0,0.006119963605584992
0,0,0.007470002683180423
0,0,0.1596548017805909
0,0,0.009491384391593749
0,0,0.0006620558448978966
0,0,0.0022764802475735697
1,1,0.9185609227679868
0,0,0.0042707454292320165
0,0,0.21290418373422348
0,0,0.0011443625060740068
0,0,0.0026953263865270114
1,1,0.9686194879640786
0,0,0.004521802788833861
0,0,0.0026316776489472126
0,0,0.00782225301905306
0,0,0.005775778148630124
0,0,0.005010655362867378
1,1,0.9089528107436631
0,0,0.00154976565014485
1,1,0.9843051150190356
0,0,0.0022973618651235188
0,0,0.283706089620594
0,0,0.14988518639207848
0,0,0.014083829217090817
0,1,0.834181735109411
1,1,0.9808763313299464
0,0,0.031300099183784895
0,0,0.015486846461001198
1,1,0.9611889575345343
0,0,0.0022757274581192396
0,0,0.001669805299302559
0,0,0.00030601002548739307
0,0,0.043696140955571575
0,0,0.0010745197982476853
1,1,0.9249883231377127
0,0,0.06304059868981486
1,1,0.9902975860753619
0,0,0.0038173174886017664
0,0,0.004818580696375916
0,0,0.0024316092102427823
0,0,0.010800096013086043
0,0,0.001535958787045472
0,0,0.004652625240511682
1,1,0.8816232830731926
0,0,0.0045685852639342755
0,0,0.0009392455734610924
0,0,0.10315192158103914
0,0,0.00185525048406551
0,0,0.002114768065762734
0,0,0.011291259546047563
0,0,0.013419747509509819
0,0,0.0017117024594333638
0,0,0.008825781159882428
0,1,0.6798203680166617
0,0,0.001341527127577068
0,0,0.002182966804954137
0,0,0.0024725797075941676
0,0,0.005542073425463257
0,0,0.012646044700509526
0,0,0.006456349789396346
0,0,0.00573016371314942
0,0,0.007099487893570084
0,0,0.1311689533899165
0,0,0.12031491466907379
0,1,0.5118526410524659
1,1,0.9708891401485668
0,0,0.004424692992367635
0,0,0.000625394039863951
0,0,0.027029400517284044
0,0,0.3898565184784857
0,0,0.000958017316802248
0,0,0.03509775553637177
1,1,0.9922869580652076
1,1,0.9970626886048664
0,0,0.0003552571693618547
0,0,0.0015524794461651322
0,0,0.006839528712686732
1,1,0.9940259293258937
0,0,0.0009722964060374004
0,0,0.00138721511557599
0,0,0.011992259356295639
0,0,0.02016602104456399
0,0,0.007834216006085994
0,0,0.010871145127173073
0,0,0.0002107788717514394
0,0,0.0017471226153196167
0,0,0.0010039400885500547
0,0,0.0005959710071263731
0,0,0.1156827801285559
0,0,0.00684094167219803
0,0,0.0011789271299952344
1,1,0.9910015253656279
0,0,0.0018089450790433385
1,1,0.9029993219479053
0,0,0.0013897015243454713
1,1,0.9806999023269912
0,0,0.0017571689515062966
0,0,0.0032667385436182133
0,0,0.0007452293676105785
0,0,0.007348778108810215
0,0,0.04171247145054715
0,0,0.001288282176782176
1,1,0.9971617797860225
1,1,0.9736288510821282
1,1,0.9952607212819343
0,0,0.0020835910015199943
0,0,0.009038482796042085
0,0,0.07737987918527908
0,0,0.0016216296977052092
0,0,0.002293348263410849
1,1,0.9839794546083026
0,0,0.002617363306668362
0,0,0.005879005000502649
0,0,0.0038116736443554074
0,0,0.0015334106658455911
0,0,0.003290444576602198
0,0,0.0003313045834077708
1,1,0.9597588909716412
0,0,0.299540332479594
0,0,0.005991539053346531
0,0,0.0038839503670094204
0,0,0.0015777637753286494
0,0,0.003114418814918375
0,0,0.0016621028574599658
0,0,0.0011168986177980107
1,1,0.9658916259210228
0,0,0.009458849365308032
0,0,0.014838028364656908
0,0,0.0013840591234061186
1,1,0.970772720304923
0,0,0.0019564201937344074
0,0,0.0007737281976530836
1,1,0.9633396915025356
0,0,0.0007324727190336893
0,0,0.48674824902903413
0,0,0.30961406499100874
0,0,0.004938503942770985
0,0,0.008563356103210944
0,0,0.02803695726580928
0,0,0.0011225666217925645
1,1,0.9942267433452474
0,0,0.03439004423552475
0,0,0.0025289011527776747
0,0,0.0010974248570057256
1,1,0.9765716772935668
1,1,0.9943752433746282
0,0,0.0013345061258776226
0,0,0.16410900831106337
0,0,0.006911644980890406
1,1,0.9381871868546462
0,0,0.001990389997898122
0,0,0.011313513933875512
0,0,0.004274455752386499
0,0,0.003581924919194015
0,0,0.08333443299764515
0,0,0.030360641511291402
0,0,0.13253674710169971
0,0,0.003033498725683606
0,0,0.006890472080657262
0,0,0.0010153332264238534
0,0,0.002484396372283853
0,0,0.09387986092210143
1,1,0.991163021825383
0,0,0.002924414482632196
0,0,0.0018623772815266287
0,0,0.017819132048871082
0,0,0.0016499471771326964
0,0,0.011806300635684724
0,0,0.015899876306815084
0,0,0.0027701990072433852
0,0,0.21664507585893486
0,0,0.0038836842055047015
0,0,0.007444226962429866
0,0,0.006042426802890526
0,0,0.04747987601427037
0,0,0.0013229134981378983
0,0,0.0028316426246284792
0,0,0.00490721099414332
0,0,0.0015193554886424974
0,0,0.0012671468288170857
1,1,0.966036563840925
1,0,0.36689371061196835
0,0,0.0008381654818796514
0,0,0.003605843007272799
0,0,0.00215409329539363
0,0,0.008876967565751086
0,0,0.005462585774608556
0,0,0.006835634962642624
0,0,0.008540719680097765
0,0,0.0034518953478838627
0,0,0.0013617622594148324
0,0,0.021887807322930383
0,0,0.017035701241279594
0,0,0.00228282638255124
0,0,0.0016240873129004774
0,0,0.08091113379731317
0,0,0.0006102345470054257
1,1,0.5588773540286528
0,0,0.0021699128007049333
0,0,0.023825225450327267
1,1,0.9796082517744796
0,0,0.010342268247006303
0,0,0.0006380801869544565
0,0,0.022450413477738785
0,0,0.0009335944793270002
0,0,0.0018996816601683456
0,0,0.00508853384641109
0,0,0.00431868573983554
0,0,0.0007159497884207347
0,0,0.008954231778663788
0,0,0.004679607674043989
0,0,0.002695262617555311
0,0,0.049511467640462756
1,1,0.9648334402136339
0,0,0.0014541475539011392
0,0,0.003055306978983324
1,1,0.9589770587336568
0,0,0.003089499784831373
0,0,0.0017392060586245439
0,0,0.06461320902359054
0,0,0.0011583524703714053
0,0,0.00016629255560824953
1,1,0.979142365210041
0,0,0.01076661358206755
1,1,0.9063869491984708
1,1,0.9972912270228657
0,0,0.012080336726507513
0,0,0.0006852669691156601
0,0,0.045066448429541384
1,1,0.7714831688751661
0,0,0.0032263321976700446
0,0,0.004528516487119379
0,0,0.013554347337000092
0,0,0.004442207357624633
1,1,0.9935709012160197
1,1,0.9803284064019756
0,0,0.0037842396282250046
1,1,0.8860670647752289
1,1,0.7424837968320196
0,0,0.001825417329632849
0,0,0.007133559731666017
0,0,0.018972803426847925
0,1,0.9334768443227996
0,0,0.0013610351995084213
0,0,0.002103712346132688
0,0,0.0006540944810917996
0,0,0.04236206803812543
0,1,0.9016502846906845
0,0,0.0012079577346037003
0,0,0.01518888067252885
0,0,0.001920402896544053
0,0,0.005353419585140599
1,1,0.8160418107026253
0,0,0.0018011942576226054
1,1,0.9948854871234162
0,1,0.6724314103153526
0,0,0.004400480123839978
0,0,0.007204536032700128
0,0,0.002354804507838202
0,0,0.004384825154691724
0,1,0.5787427949047199
1,1,0.9979495828885262
0,0,0.00172020160852263
0,0,0.1579562065394293
0,0,0.0022912274760036955
0,0,0.03011683168338584
0,0,0.002745483280788829
1,1,0.989087773440707
0,0,0.0022252677995323153
0,0,0.003511976794713891
0,0,0.003881927812771978
0,0,0.00936775314149982
0,0,0.007804570685082306
0,0,0.0008183389261146282
0,0,0.1912651384704739
1,1,0.9962998632971293
0,0,0.002784100617506888
1,1,0.9709635064136131
0,0,0.003949059118989806
0,0,0.01412679371409024
0,0,0.0007109125172985647
0,0,0.0011857603987520374
0,0,0.0016258881494016723
0,1,0.7509529200321462
0,0,0.01738569505276947
0,0,0.0074094781934322665
0,0,0.0809199527608774
0,0,0.0005316372135341817
0,0,0.00043646284589278137
0,0,0.02011323720063924
0,0,0.007018059033777097
0,0,0.07377264375265719
0,0,0.0008514943150042867
0,0,0.0028088786512698778
0,0,0.13700928338574145
0,0,0.03584019493687277
0,0,0.021413734641722512
0,0,0.004538480331178066
0,0,0.00863437097351453
0,0,0.01055710806987631
0,0,0.053542999229818276
1,1,0.9694853488111623
0,0,0.0062177485082699204
0,0,0.0008921116468851617
0,1,0.8071125460097709
1,1,0.9957600534037626
0,0,0.0116839904894431
0,0,0.014385794700681484
0,0,0.0008186795596092242
0,0,0.0277851189474138
0,0,0.12414192219607381
0,1,0.8864255729373067
0,0,0.003114321846745874
0,0,0.005861349420080487
0,0,0.005433081808606867
0,0,0.022657934420646786
1,1,0.9855535139858344
0,0,0.003312599208140766
0,0,0.05450577285018569
0,0,0.0010771391579779573
1,1,0.9964655698288751
1,1,0.9900889149233016
0,0,0.0061782032426141295
0,0,0.013244651181525532
0,0,0.001202693750953951
0,0,0.000773934091042251
0,0,0.1991938165700063
0,0,0.0010431203342849988
0,0,0.11340937883781765
0,0,0.001984511401715579
0,0,0.0016384360848341194
0,0,0.020587350768208893
0,0,0.00171016999521092
1,1,0.9907058838831659
0,0,0.0027529998059322614
0,0,0.008131402493234628
0,0,0.0015848169800552437
0,0,0.010091029918084828
0,0,0.001616555178831695
0,0,0.008731859816697581
0,0,0.0056275570019664704
0,0,0.0008627808867571662
0,0,0.0022933672953909198
0,0,0.015381318825191729
0,0,0.001792045938126015
0,0,0.0028753937029324782
0,0,0.03969569721388109
1,1,0.7391700812978711
0,0,0.19796840019738574
1,1,0.9927680367918665
0,0,0.009941660446525488
0,0,0.0030176402473286756
0,0,0.0016710004838916348
0,0,0.45390753536782624
0,0,0.002555177599979123
1,1,0.9978695060252122
0,0,0.03122211199173903
0,0,0.44130985885160023
0,0,0.020778496468826534
0,0,0.0026174836138825475
0,0,0.13119517124320318
0,0,0.000950702912392152
0,0,0.06149788910200784
0,0,0.007563245879144862
0,0,0.026783236056455405
0,0,0.0011144184335421339
0,0,0.0007699248076747803
0,0,0.032716451836180716
0,0,0.0015083723068922005
1,1,0.9807346502513953
1,1,0.992130886592736
1,1,0.8632806398542429
0,0,0.4754582344112901
0,0,0.0020455276902291513
0,0,0.0014440575765127725
0,0,0.0007005970434537049
0,0,0.01388069115429337
0,1,0.7664588172876997
0,0,0.001815997403850645
0,0,0.004906160756122535
0,0,0.0015242858340544514
0,0,0.28463475922387366
1,1,0.9741327817521356
1,0,0.1520478302156066
0,0,0.0012811625780269462
0,0,0.030336258213219027
0,0,0.008266014640486737
0,0,0.12111396970986184
0,0,0.007924770563016388
0,0,0.026628713408481157
0,0,0.0030271222271466133
0,0,0.0015153027473104425
0,0,0.0030022678492899893
0,0,0.00039544576203137726
0,0,0.000693901968904721
0,0,0.001790069460584189
0,0,0.005182092057516498
0,0,0.0002879522476013116
1,1,0.8997190029692476
0,0,0.015172913910374727
0,0,0.0314241503254344
1,1,0.9963826473969248
1,1,0.8501506180397562
0,0,0.07513235715034813
0,0,0.01809176185112425
0,0,0.005554389776032256
0,0,0.0029237226998484393
1,1,0.9633278128174574
0,0,0.0017171221883497893
0,0,0.0008744532745415785
0,0,0.14500778438194756
0,0,0.0017159267045406378
0,0,0.008786144915841971
0,1,0.6149005679599585
1,0,0.372165692212537
0,0,0.004004176547932533
0,0,0.007736482867985544
0,0,0.0018004751473675584
0,0,0.009664633483048588
0,0,0.0032711517619563864
0,0,0.003259735611157634
0,0,0.0015563162128008593
0,0,0.0019329877475297386
1,1,0.9850246960885548
0,0,0.0032456700063555133
0,0,0.025522198951864226
0,0,0.0008587280485025112
0,0,0.009782836693784274
0,0,0.0051923590010139265
0,0,0.07887465863390487
0,0,0.0013530677259238966
0,1,0.5221916294587258
0,0,0.004513843423605456
1,1,0.9913141949750626
0,0,0.02210958784526702
0,0,0.0012376352497767457
0,0,0.0020673370834493115
1,1,0.8762249773973843
0,1,0.5030941278267755
1,1,0.9863125374075693
0,0,0.4253847990069398
0,0,0.0003241735205997649
0,0,0.061560890495223425
0,0,0.10656555733482934
0,0,0.013262157812060797
0,0,0.010083904105801563
0,0,0.14697634685036864
0,0,0.0021439640929553547
0,0,0.0004637881467530408
0,0,0.003094938798117588
0,0,0.0004621389962942069
0,0,0.001503504531534098
1,1,0.9642811953057151
0,0,0.002347352357679773
0,0,0.03299684789925146
0,0,0.0036998106678478994
0,0,0.0047805694007029016
0,0,0.09606209910946067
0,0,0.009071382192498978
0,0,0.007372565177637575
0,0,0.16384305366246688
0,0,0.004718774149336759
0,0,0.02561549527129661
0,0,0.014228268368483392
0,0,0.002984008347462633
0,0,0.0036761432952627407
0,0,0.002571876009603446
0,0,0.0012954138852514707
1,0,0.155367174389316
0,0,0.007886791500881412
0,0,0.0034071417539462707
0,0,0.0010695188621869843
0,0,0.002320963359430931
0,0,0.0028387565052654675
0,0,0.017186886568583293
0,0,0.0037302258187376174
1,1,0.9978709904188913
0,0,0.003209508720370202
1,1,0.9990943768606715
0,0,0.0018362670165364844
0,0,0.002039174702848692
0,0,0.003919204833624716
0,0,0.004782743708096792
0,0,0.003624191042693684
0,0,0.0035891175903322208
0,0,0.18265989324641443
0,0,0.0020815862810095167
0,0,0.0010355820404502497
1,1,0.8569127568869821
0,0,0.0006577769149757895
0,0,0.019220555923659958
0,0,0.0011188976478000718
1,1,0.9893482001398168
0,0,0.020613031165614894
0,0,0.003734097149836206
0,0,0.0066138927008337145
0,0,0.0031193860553630297
0,0,0.003625269608868837
0,0,0.0025719768287507925
0,0,0.0028298343217472077
0,0,0.1313982397340624
0,0,0.0019143064948008192
0,0,0.1680293333166913
0,0,0.007919980240503735
0,0,0.000962118315947987
0,0,0.013966618247728796
0,0,0.24003305608623482
0,0,0.006771688736642643
1,1,0.8964053932271204
0,0,0.001543952188086641
0,0,0.0012749445985398135
0,0,0.0028033056068442305
0,0,0.001319940206438004
1,1,0.9930765521407825
0,0,0.0023121027319053457
0,0,0.308885435550128
0,0,0.0034024026846355116
0,0,0.0030834661869286904
0,0,0.0007226679212005843
0,0,0.002318357839335893
0,0,0.0012751011558329198
0,0,0.30011546285324975
0,0,0.002498074447374903
0,0,0.0017997466233906358
0,0,0.0037294384439766335
0,0,0.011740712264605895
1,1,0.9901335978494528
0,0,0.001189734228726891
0,0,0.004523096637608
0,0,0.0011880790616292487
0,0,0.02295658278133753
0,0,0.0022221953496174935
0,0,0.0016345044764636625
0,0,0.15690621722083178
0,0,0.002960389741805628
0,0,0.0008505125874810205
0,0,0.005271233854066455
0,0,0.002198577803102854
0,0,0.004768567265242851
0,0,0.0010299358443751046
0,0,0.0026266593188532038
0,0,0.00022791338902793337
0,0,0.0028718790576138164
0,0,0.002404742233713435
0,0,0.008789159697705072
1,1,0.7236045502825592
0,0,0.002375531121621377
0,0,0.002671008789821555
0,0,0.0024764213483338135
0,0,0.0019945170580916963
1,1,0.9978739426220212
0,1,0.5970936425955475
0,0,0.0014865554386377813
0,0,0.0014469898729819505
0,0,0.007077020310210282
0,0,0.037722853363145084
1,1,0.826662241506913
0,0,0.003620484737200129
0,0,0.4577775281597576
0,0,0.0049945944428705456
0,0,0.0011241492615389928
0,0,0.0045221314521982055
0,0,0.000892866616432404
0,0,0.13932296256637083
0,0,0.04297615654757155
0,0,0.004997844337907147
0,0,0.005565659771866624
0,0,0.030329061744506468
0,0,0.27831438052722973
1,1,0.7389866629913993
0,0,0.13531942533744645
0,0,0.0018893546501572082
0,0,0.026661436868369612
0,0,0.008443556886357426
0,0,0.02665934638406412
0,0,0.012400158376667593
1,1,0.9244024792223043
0,0,0.011398549572298232
0,0,0.004723148716871474
0,0,0.47552908431191415
0,0,0.006069906682979
0,0,0.002243624484858209
0,0,0.040629861908112436
0,0,0.0018407438748892268
0,0,0.031076888508395507
0,0,0.0002392959489768984
1,1,0.9617029519629662
0,0,0.043662864751608854
0,0,0.008624815798843175
0,0,0.014729503611339201
0,0,0.1612597067513397
0,0,0.024352158046811283
1,1,0.992779242977447
0,0,0.008244371888536321
0,0,0.47799513350162304
0,0,0.011231065545319429
0,0,0.0044600170593545015
1,1,0.9964505034341372
0,0,0.0025817226348249173
0,0,0.005039925466488901
0,0,0.04071926572713848
0,0,0.005284898779273839
0,0,0.012173911771358884
0,0,0.0007766528762967092
1,1,0.9581149949905017
0,0,0.0014316339818791575
0,0,0.0017948379679187288
0,0,0.07664898163486693
1,1,0.9945644113746347
0,0,0.005534835130178781
1,1,0.9586232782237776
1,1,0.9838775171369883
1,1,0.9928921953930703
0,0,0.04037178992419869
0,0,0.21491295086764292
0,0,0.008366135481090563
0,0,0.0060606758607349934
0,0,0.01243782953984841
0,0,0.0008131578271576368
0,0,0.0012223755631514896
0,0,0.011000726353521664
1,0,0.21616455810893503
0,0,0.0017980081699314064
1,1,0.9432221741119405
0,0,0.003127258533639635
1,1,0.9951220559448888
0,0,0.0032605763848405425
0,0,0.015631879453492606
0,0,0.004834479865844293
1,1,0.9959983189615885
0,0,0.0012141222589658628
0,0,0.0015932235916281373
0,0,0.19048756767889083
0,0,0.02849552661681665
0,0,0.0016936900167163495
0,0,0.004772262977796999
0,0,0.01620240240048609
1,1,0.9901833188161753
0,0,0.02881097776254059
0,0,0.0018769490325914924
0,0,0.004791371395292283
0,0,0.013649669138960948
0,1,0.6317170183765285
0,0,0.032412981043085945
0,0,0.0003457562555355755
0,0,0.006897703234860686
0,0,0.013767637328269253
1,1,0.9900843709091717
0,0,0.0095001586432553
0,0,0.007374057236406054
0,0,0.0022074692152688454
0,0,0.0020727159613804992
0,0,0.0008263687234486485
0,0,0.0005065959663272665
0,0,0.0026720796370039747
0,0,0.005020546352021067
0,0,0.002060231693941019
1,1,0.9862937200410393
0,0,0.013440287762993762
0,0,0.0032005873013470176
0,0,0.0007736887093427049
0,0,0.0011329864904983263
0,0,0.0011288798547372935
0,0,0.009695102547719473
1,1,0.9952534859194156
0,0,0.001864109775978387
0,0,0.0032055580695643034
0,0,0.0030245430080178284
0,0,0.00924832350543806
0,0,0.010703929165701892
0,0,0.07393448755718088
0,0,0.0005662275711291076
1,1,0.9877879187537213
0,0,0.0013641403027830567
0,0,0.003545071792080028
0,0,0.010959616402971075
0,0,0.0062010549636504
0,0,0.003510884019945585
0,0,0.003007720605636984
0,0,0.0009563114882014089
0,0,0.0009780617938270264
0,0,0.0030660019700710986
0,0,0.003458118755302693
0,0,0.003686568097138039
0,0,0.008937560307966693
0,0,0.0007408399677892867
0,0,0.14033953453125156
0,0,0.0003827605745712599
0,0,0.2518823208338621
0,0,0.2833708292633003
0,0,0.005148195118552629
0,0,0.0034557786720021085
0,0,0.0027478102641195577
0,0,0.027223346885399975
1,1,0.9374312059566224
0,0,0.014744343851812584
0,0,0.003929990476988959
0,1,0.8924357021862265
0,1,0.5285494092606486
0,0,0.04434895339333388
0,0,0.021505177427310708
1,1,0.663938564772725
1,1,0.5255214052305951
1,1,0.9876524605585686
0,0,0.0016275450263290598
0,0,0.00204153798805836
0,0,0.07537693398109861
0,0,0.002507940037840187
0,0,0.00024169992560297535
0,0,0.06187870275721857
1,1,0.9988535383619696
1,1,0.9585181070806839
0,0,0.007248526511645021
1,1,0.9986837652085024
0,0,0.001282129550338019
0,0,0.010253687792091806
0,0,0.003362858929794768
0,0,0.018248969191253073
0,0,0.010262296420614716
0,0,0.0013126942396874096
0,1,0.5814938323606137
0,0,0.04780736141150674
1,1,0.9922398297287424
0,0,0.007326913106095994
0,0,0.03789663215648124
0,0,0.0006630632879629288
0,0,0.030342839305257652
0,0,0.06563835140167625
0,0,0.0003192034277920355
0,0,0.0011230790258640274
0,0,0.3866433287268578
0,0,0.0012654602014341842
0,0,0.0034599323276876376
0,0,0.005095996074477365
0,0,0.0048872611189566696
0,0,0.0049868002062712444
0,0,0.002317336979433276
1,1,0.9959433939580866
0,0,0.0013855566230840184
0,0,0.007302119556645235
0,0,0.010742180458918804
0,0,0.0028430962309960264
0,0,0.0012544601897067703
0,0,0.09395062845531962
0,0,0.001979884886915387
0,0,0.013828212469252763
0,0,0.0010221383996842565
0,0,0.01582399986448654
0,0,0.011829686591387563
0,0,0.00944484639627491
0,0,0.003752378967299458
0,0,0.058761781521123733
0,0,0.010083350972413196
0,0,0.0013231098668599402
0,0,0.008357117655818444
0,0,0.0013197752558488777
0,0,0.0007105557273656038
0,0,0.0015435223627595686
0,0,0.0014338525059874496
0,0,0.018713333083810294
0,0,0.0007422478402732849
0,0,0.0034526534461030143
0,0,0.005772293192999535
